{
  "iterB": {
    "map50": 0.07260726072607253,
    "map50_all_classes": 0.04033736707004029,
    "macro_f1": 0.030194805194805198,
    "macro_f1_all_classes": 0.016774891774891776
  },
  "iterC_raw": {
    "map50": 0.10726072607260725,
    "map50_all_classes": 0.05958929226255959,
    "macro_f1": 0.03347258654749182,
    "macro_f1_all_classes": 0.018595881415273234
  },
  "iterC_best": {
    "map50": 0.10726072607260725,
    "map50_all_classes": 0.08938393839383939,
    "macro_f1": 0.05591036414565827,
    "macro_f1_all_classes": 0.04659197012138189
  },
  "iterD": {
    "map50": 0.05891089108910891,
    "map50_all_classes": 0.032728272827282724,
    "macro_f1": 0.04688995215311005,
    "macro_f1_all_classes": 0.026049973418394472
  },
  "iterC_detcalib": {
    "map50": 0.12392739273927396,
    "map50_all_classes": 0.1032728272827283,
    "macro_f1": 0.05614265218282435,
    "macro_f1_all_classes": 0.046785543485686955,
    "weighted_ap50": 0.13647614761476154
  },
  "iterG": {
    "map50": 0.07455445544554455,
    "map50_all_classes": 0.06212871287128713,
    "macro_f1": 0.06838095238095239,
    "macro_f1_all_classes": 0.05698412698412699,
    "weighted_ap50": 0.06914941494149417
  },
  "iterJ": {
    "map50": 0.23366336633663365,
    "map50_all_classes": 0.19471947194719472,
    "macro_f1": 0.037037037037037035,
    "macro_f1_all_classes": 0.030864197530864196,
    "weighted_ap50": 0.09135913591359136
  },
  "ensemble_iterC_iterJ": {
    "map50": 0.2739273927392739,
    "map50_all_classes": 0.22827282728272827,
    "macro_f1": 0.05483546264034069,
    "macro_f1_all_classes": 0.04569621886695058,
    "weighted_ap50": 0.17056705670567063
  }
}