{
  "thresholds": [
    0.08,
    0.12,
    0.16,
    0.2,
    0.24,
    0.28,
    0.32
  ],
  "classes": {
    "foyer_choroidien": {
      "best_threshold": 0.08,
      "best_iou": 0.0,
      "iou_by_threshold": {
        "0.08": 0.0,
        "0.12": 0.0,
        "0.16": 0.0,
        "0.2": 0.0,
        "0.24": 0.0,
        "0.28": 0.0,
        "0.32": 0.0
      },
      "gt_pixels": 14469
    },
    "hyalite": {
      "best_threshold": 0.08,
      "best_iou": 0.005182071070197362,
      "iou_by_threshold": {
        "0.08": 0.005182071070197362,
        "0.12": 0.004240395244575716,
        "0.16": 0.0036463744190863823,
        "0.2": 0.0032142828854089932,
        "0.24": 0.0029016684990489064,
        "0.28": 0.002677954525600197,
        "0.32": 0.0024707649990857853
      },
      "gt_pixels": 621784
    },
    "hemorragie": {
      "best_threshold": 0.95,
      "best_iou": 0.0,
      "iou_by_threshold": {
        "0.08": 0.0,
        "0.12": 0.0,
        "0.16": 0.0,
        "0.2": 0.0,
        "0.24": 0.0,
        "0.28": 0.0,
        "0.32": 0.0
      },
      "gt_pixels": 0
    },
    "nodule_choroidien": {
      "best_threshold": 0.08,
      "best_iou": 0.05184762025664625,
      "iou_by_threshold": {
        "0.08": 0.05184762025664625,
        "0.12": 0.047548064891683985,
        "0.16": 0.0444301708767539,
        "0.2": 0.04238162528317969,
        "0.24": 0.04082718943589395,
        "0.28": 0.039512011240190534,
        "0.32": 0.03836731877307387
      },
      "gt_pixels": 82252
    },
    "granulome_choroidien": {
      "best_threshold": 0.08,
      "best_iou": 0.0,
      "iou_by_threshold": {
        "0.08": 0.0,
        "0.12": 0.0,
        "0.16": 0.0,
        "0.2": 0.0,
        "0.24": 0.0,
        "0.28": 0.0,
        "0.32": 0.0
      },
      "gt_pixels": 9058
    },
    "macroanevrisme_arteriel": {
      "best_threshold": 0.95,
      "best_iou": 0.0,
      "iou_by_threshold": {
        "0.08": 0.0,
        "0.12": 0.0,
        "0.16": 0.0,
        "0.2": 0.0,
        "0.24": 0.0,
        "0.28": 0.0,
        "0.32": 0.0
      },
      "gt_pixels": 0
    },
    "exudats": {
      "best_threshold": 0.95,
      "best_iou": 0.0,
      "iou_by_threshold": {
        "0.08": 0.0,
        "0.12": 0.0,
        "0.16": 0.0,
        "0.2": 0.0,
        "0.24": 0.0,
        "0.28": 0.0,
        "0.32": 0.0
      },
      "gt_pixels": 0
    },
    "oedeme_papillaire": {
      "best_threshold": 0.32,
      "best_iou": 0.10140207208883925,
      "iou_by_threshold": {
        "0.08": 0.09279704294538203,
        "0.12": 0.09511714700393946,
        "0.16": 0.0967058631833365,
        "0.2": 0.09785553047404064,
        "0.24": 0.09908042621515108,
        "0.28": 0.10018050541516245,
        "0.32": 0.10140207208883925
      },
      "gt_pixels": 8203
    },
    "ischemie_retine": {
      "best_threshold": 0.95,
      "best_iou": 0.0,
      "iou_by_threshold": {
        "0.08": 0.0,
        "0.12": 0.0,
        "0.16": 0.0,
        "0.2": 0.0,
        "0.24": 0.0,
        "0.28": 0.0,
        "0.32": 0.0
      },
      "gt_pixels": 0
    }
  }
}