{
  "thresholds": [
    0.08,
    0.12,
    0.16,
    0.2,
    0.24,
    0.28,
    0.32
  ],
  "classes": {
    "foyer_choroidien": {
      "best_threshold": 0.08,
      "best_iou": 0.0,
      "iou_by_threshold": {
        "0.08": 0.0,
        "0.12": 0.0,
        "0.16": 0.0,
        "0.2": 0.0,
        "0.24": 0.0,
        "0.28": 0.0,
        "0.32": 0.0
      },
      "gt_pixels": 14469
    },
    "hyalite": {
      "best_threshold": 0.08,
      "best_iou": 0.05218982777370462,
      "iou_by_threshold": {
        "0.08": 0.05218982777370462,
        "0.12": 0.04710721550374047,
        "0.16": 0.043158264232156934,
        "0.2": 0.040288051245443546,
        "0.24": 0.03805748704548474,
        "0.28": 0.036085108411763565,
        "0.32": 0.03432306659638975
      },
      "gt_pixels": 621784
    },
    "hemorragie": {
      "best_threshold": 0.95,
      "best_iou": 0.0,
      "iou_by_threshold": {
        "0.08": 0.0,
        "0.12": 0.0,
        "0.16": 0.0,
        "0.2": 0.0,
        "0.24": 0.0,
        "0.28": 0.0,
        "0.32": 0.0
      },
      "gt_pixels": 0
    },
    "nodule_choroidien": {
      "best_threshold": 0.08,
      "best_iou": 0.10540905066485731,
      "iou_by_threshold": {
        "0.08": 0.10540905066485731,
        "0.12": 0.10368237363198134,
        "0.16": 0.10116746485103764,
        "0.2": 0.09840097176311283,
        "0.24": 0.09558304429233555,
        "0.28": 0.09288068211539467,
        "0.32": 0.08994184931944534
      },
      "gt_pixels": 82252
    },
    "granulome_choroidien": {
      "best_threshold": 0.08,
      "best_iou": 0.001311622252791196,
      "iou_by_threshold": {
        "0.08": 0.001311622252791196,
        "0.12": 0.0,
        "0.16": 0.0,
        "0.2": 0.0,
        "0.24": 0.0,
        "0.28": 0.0,
        "0.32": 0.0
      },
      "gt_pixels": 9058
    },
    "macroanevrisme_arteriel": {
      "best_threshold": 0.95,
      "best_iou": 0.0,
      "iou_by_threshold": {
        "0.08": 0.0,
        "0.12": 0.0,
        "0.16": 0.0,
        "0.2": 0.0,
        "0.24": 0.0,
        "0.28": 0.0,
        "0.32": 0.0
      },
      "gt_pixels": 0
    },
    "exudats": {
      "best_threshold": 0.95,
      "best_iou": 0.0,
      "iou_by_threshold": {
        "0.08": 0.0,
        "0.12": 0.0,
        "0.16": 0.0,
        "0.2": 0.0,
        "0.24": 0.0,
        "0.28": 0.0,
        "0.32": 0.0
      },
      "gt_pixels": 0
    },
    "oedeme_papillaire": {
      "best_threshold": 0.32,
      "best_iou": 0.08702371843917368,
      "iou_by_threshold": {
        "0.08": 0.07639370116370761,
        "0.12": 0.07991824352118469,
        "0.16": 0.08222972972972974,
        "0.2": 0.08379660826594788,
        "0.24": 0.08532358869505953,
        "0.28": 0.08604907719371478,
        "0.32": 0.08702371843917368
      },
      "gt_pixels": 8203
    },
    "ischemie_retine": {
      "best_threshold": 0.95,
      "best_iou": 0.0,
      "iou_by_threshold": {
        "0.08": 0.0,
        "0.12": 0.0,
        "0.16": 0.0,
        "0.2": 0.0,
        "0.24": 0.0,
        "0.28": 0.0,
        "0.32": 0.0
      },
      "gt_pixels": 0
    }
  }
}